{
    "total_runtime": 76.22188591957092,
    "num_documents": 1,
    "update_documents": 0,
    "input_load_time": 0,
    "workflows": {
        "load_input_documents": {
            "overall": 0.07210206985473633
        },
        "create_base_text_units": {
            "overall": 0.5028998851776123
        },
        "create_final_documents": {
            "overall": 0.023940086364746094
        },
        "extract_graph": {
            "overall": 5.146655797958374
        },
        "finalize_graph": {
            "overall": 0.07107114791870117
        },
        "extract_covariates": {
            "overall": 2.2464711666107178
        },
        "create_communities": {
            "overall": 5.42343807220459
        },
        "create_final_text_units": {
            "overall": 0.04439997673034668
        },
        "create_community_reports": {
            "overall": 15.562620878219604
        },
        "generate_text_embeddings": {
            "overall": 10.790969848632812
        },
        "load_neo4j_graph": {
            "overall": 36.33663606643677
        }
    }
}