{
    "total_runtime": 17.458897829055786,
    "num_documents": 1,
    "update_documents": 0,
    "input_load_time": 0,
    "workflows": {
        "load_input_documents": {
            "overall": 0.056060075759887695
        },
        "create_base_text_units": {
            "overall": 0.23212790489196777
        },
        "create_final_documents": {
            "overall": 0.012022018432617188
        },
        "extract_graph": {
            "overall": 0.5622971057891846
        },
        "finalize_graph": {
            "overall": 0.014879941940307617
        },
        "extract_covariates": {
            "overall": 5.91278076171875e-05
        },
        "create_communities": {
            "overall": 1.0134377479553223
        },
        "create_final_text_units": {
            "overall": 0.02627706527709961
        },
        "create_community_reports": {
            "overall": 0.48270201683044434
        },
        "generate_text_embeddings": {
            "overall": 14.604388952255249
        },
        "load_neo4j_graph": {
            "overall": 0.453869104385376
        }
    }
}